stringID,sourceLang,targetLang,pos,description,sourceString,targetString
1,en,be,adjective,"In the context of coronavirus (COVID-19): transmissible by direct or indirect contact with an infected person (describes the disease or the virus, not a person).",contagious,заразны
2,en,be,noun,In the context of coronavirus (COVID-19): known cases of people who currently have the disease.,active cases,адкрытыя выпадкі
3,en,be,noun,In the context of coronavirus (COVID-19): cases of people infected with the virus which have been confirmed via medical testing.,confirmed cases,пацверджаныя выпадкі
4,en,be,proper noun,"Short for ""Centers for Disease Control and Prevention"": a US federal agency under the Department of Health and Human Services, whose main goal is to protect public health and safety through the control and prevention of disease.",CDC,CDC
5,en,be,noun,"A formal name for the disease caused by the SARS-CoV-2 virus, responsible for the 2019/2020 global pandemic.",COVID-19,COVID-19
6,en,be,noun,In the context of coronavirus (COVID-19): a place where people can be tested for the virus.,COVID-19 testing center,цэнтр дыягностыкі COVID-19
7,en,be,noun,"An informal name for the SARS-CoV-2 virus (also known as ""novel coronavirus""), responsible for the 2019/2020 global pandemic of COVID-19 (the disease caused by the virus). Sometimes refers to the entire category of coronaviruses, of which SARS-CoV-2 is just one example.",coronavirus,каранавірус
8,en,be,noun,"In the context of coronavirus (COVID-19): a mask covering the nose, mouth and/or eyes of the wearer, intended to protect the wearer from spreading or contracting pathogens.",face mask,маска для твару
9,en,be,noun,"In the context of coronavirus (COVID-19): can be a person, such as a doctor, but also an organization, such as a hospital or insurance company.",healthcare provider,пастаўшчык медыцынскіх паслуг
10,en,be,noun,"In the context of coronavirus (COVID-19): a person who works in healthcare, such as a doctor or therapist.",healthcare professional,медыцынскі работнік
11,en,be,noun,"In the context of coronavirus (COVID-19): the practice of cleaning one's hands, e.g. with water and soap, in order to get rid of the virus and other pathogens.",hand-washing,мыццё рук
12,en,be,noun,In the context of coronavirus (COVID-19): the period of time between infection and the appearance of symptoms of the disease.,incubation period,інкубацыйны перыяд
13,en,be,noun,In the context of coronavirus (COVID-19): the practice of separating sick people from healthy people to prevent the spread of disease.,isolation,ізаляцыя
14,en,be,noun,In the context of the coronavirus (COVID-19): the practice of restricting the movement of healthy people who may have been exposed to the virus to see if they become ill.,quarantine,каранцін
15,en,be,verb,In the context of the coronavirus (COVID-19): to restrict the movement of healthy people who may have been exposed to the virus to see if they become ill.,quarantine,змяшчаць на каранцін
16,en,be,proper noun,"Short for ""National Institutes of Health Agency"": the primary US government agency responsible for biomedical and public health research; part of the United States Department of Health and Human Services.",NIH,NIH
17,en,be,noun,"In the context of coronavirus (COVID-19): being within a close distance (1-2m) of another person, not necessarily having actual physical contact. Close contact is one possible way for the virus to spread from person to person.",close contact,блізкі кантакт
18,en,be,noun,In the context of coronavirus (COVID-19): the process of the virus spreading from person to person.,transmission,перадача
19,en,be,noun,In the context of coronavirus (COVID-19): cases of people infected with the virus which have resulted in the end of the infected person's life.,deaths,лятальныя вынікі
20,en,be,noun,In the context of coronavirus (COVID-19): a place where people can be tested for the virus.,testing center,цэнтр дыягностыкі
21,en,be,verb,"In the context of the coronavirus (COVID-19): to infect new people, in a particular area or globally.",spread,распаўсюджвацца
22,en,be,verb,A header for a set of five recommendations surfaced to users looking for coronavirus tips. See: https://www.google.com/search?q=coronavirus+tips&fbx=dothefive,Do the Five,Пяць правіл
23,en,be,proper noun,"A specialized agency of the United Nations that is concerned with world public health. Abbreviated as ""WHO"". See: https://en.wikipedia.org/wiki/World_Health_Organization",World Health Organization,Сусветная арганізацыя аховы здароўя
24,en,be,proper noun,"Short for ""World Health Organization"": a specialized agency of the United Nations that is concerned with world public health. See: https://en.wikipedia.org/wiki/World_Health_Organization",WHO,СААЗ
25,en,be,,,14 days in isolation,14 дзён у ізаляцыі
26,en,be,,,14 days quarantine,14 дзён каранціна
27,en,be,,,2019 coronavirus,каранавірус 2019
28,en,be,,,2019 novel coronavirus,новы каранавірус 2019
29,en,be,,,2019-nCoV,новы каранавірус 2019-nCoV
30,en,be,,,2020 coronavirus,каранавірус 2020
31,en,be,,,2020 novel coronavirus,новы каранавірус 2020
33,en,be,,,about coronavirus,пра каранавірус
39,en,be,,,acute respiratory distress syndrome,востры рэспіраторны дыстрэс сіндром
40,en,be,,,advanced hand sanitizer,новы дэзінфіцыруючы сродак для рук
41,en,be,,,Affected by coronavirus,Пашкоджаны каранавірусам
42,en,be,,,after exposure,пасля ўздзеяння
43,en,be,,,After the epidemic,Пасля эпідэміі
44,en,be,,,After the outbreak,Пасля ўспышкі
47,en,be,,,airborne virus,"вірус, перадаючыся паветрана-кропельным шляхам"
48,en,be,,,alcohol based hand sanitizer,дэзінфіцыруючы сродак для рук на аснове спірту
49,en,be,,,alcohol hand sanitizer,спіртавы дэзінфіцыруючы сродак для рук
51,en,be,,,alcohol-based hand sanitizer,дэзінфіцыруючы сродак для рук на аснове спірту
59,en,be,,,Anti-Corona virus spray,Спрэй супраць каранавіруса
60,en,be,,,antibacterial hand sanitizer,антыбактэрыяльны дэзінфіцыруючы сродак для рук
61,en,be,,,ARDS,ARDS
64,en,be,,,avoid exposure,пазбягаць уздзеяння
65,en,be,,,be infected,заразіцца
75,en,be,,,Beware of coronavirus,Асцерагайцеся каранавіруса
76,en,be,,,bilateral interstitial pneumonia,двухбаковая інтэрсціцыяльная пнеўманія
77,en,be,,,CDC,Цэнтр кантролю захворванняў
78,en,be,,,Center for Disease Control,Цэнтр кантролю захворванняў
83,en,be,,,community spread,агульнае распаўсюджванне
84,en,be,,,compulsory quarantine,абавязковы каранцін
85,en,be,,,contagious,інфекцыйны
135,en,be,,,coronavirus,каранавірус
136,en,be,,,coronavirus (COVID-19),каранавірус (COVID-19)
137,en,be,,,coronavirus alert,папярэджанне аб каранавірусе
139,en,be,,,coronavirus cases,выпадкі каранавіруса
141,en,be,,,coronavirus concerns,занепакоенасць каранавірусам
143,en,be,,,coronavirus crisis,крызіс каранавіруса
149,en,be,,,coronavirus disease,каранавірусная інфекцыя
150,en,be,,,Coronavirus disease (COVID-19) outbreak,Успышка каранавіруснай інфекцыі (COVID-19)
153,en,be,,,coronavirus early symptoms,раннія сімптомы каранавіруса
155,en,be,,,coronavirus epidemic,эпідэмія каранавіруса
156,en,be,,,coronavirus exposure,уздзеянне каранавіруса
161,en,be,,,coronavirus incubation,інкубацыйны перыяд каранавіруса
162,en,be,,,coronavirus incubation period,інкубацыйны перыяд каранавіруса
163,en,be,,,coronavirus infection,каранавірусная інфекцыя
168,en,be,,,coronavirus map,карта каранавіруса
170,en,be,,,coronavirus medicine,лекі ад каранавіруса
171,en,be,,,coronavirus medicines,лекі ад каранавіруса
172,en,be,,,coronavirus news,навіны аб каранавірусе
173,en,be,,,coronavirus outbreak,успышка каранавіруса
174,en,be,,,coronavirus pandemic,пандэмія каранавіруса
176,en,be,,,coronavirus pneumonia,каранавірусная пнеўманія
177,en,be,,,coronavirus precautions,меры засцярогі ад каранавіруса
178,en,be,,,coronavirus prevention,прафілактыка каранавіруса
179,en,be,,,coronavirus protection,засцярога ад каранавіруса
180,en,be,,,coronavirus quarantine,каранавірусны каранцін
182,en,be,,,coronavirus SOS Alert,Сігнал СОС каранавіруса
183,en,be,,,coronavirus spread,распаўсюджванне каранавіруса
184,en,be,,,coronavirus symptoms,сімптомы каранавіруса
185,en,be,,,coronavirus transmission,перадача каранавіруса
186,en,be,,,coronavirus travel ban,забарона на вандраванне ў сувязі з каранавірусам
187,en,be,,,coronavirus travel restrictions,абмежаванні на вандраванне ў сувязі з каранавірусам
188,en,be,,,coronavirus treatment,лячэнне каранавіруса
190,en,be,,,coronavirus update,апошнія даныя аб каранвірусе
191,en,be,,,coronavirus vaccine,вакцына ад каранавіруса
192,en,be,,,coronavirus vaccines,вакцыны ад каранавіруса
198,en,be,,,covid cases,выпадкі каранавіруснай інфекцыі covid
205,en,be,,,covid early symptoms,раннія сімптомы каранавіруснай інфекцыі covid
213,en,be,,,covid incubation period,інкубацыйны перыяд каранавіруснай інфекцыі covid
215,en,be,,,covid international spread,міжнароднае распаўсюджванне каранавіруснай інфекцыі covid
216,en,be,,,covid international travel,міжнароднае вандраванне каранавіруснай інфекцыі covid
217,en,be,,,covid isolation,ізаляцыя каранавіруснай інфекцыі covid
219,en,be,,,covid map,карта каранавіруснай інфекцыі covid
220,en,be,,,covid medicine,лекі ад каранвіруснай інфекцыі covid
221,en,be,,,covid medicines,лекі ад каранавіруснай інфекцыі covid
222,en,be,,,covid news,навіны аб каранвіруснай інфекцыі covid
223,en,be,,,covid outbreak,успышка каранавіруснай інфекцыі covid
224,en,be,,,covid pandemic,пандэмія каранвіруснай інфекцыі covid
225,en,be,,,covid panic,паніка падчас каранавіруснай інфекцыі covid
228,en,be,,,covid SOS Alert,Сігнал СОС каранавіруснай інфекцыі covid
230,en,be,,,covid symptoms,сімптомы каранавіруснай інфекцыі covid
231,en,be,,,covid transmission,перадача каранавіруснай інфекцыі covid
232,en,be,,,covid travel ban,забарона на вандраванне ў сувязі з каранавіруснай інфекцыяй covid
233,en,be,,,covid travel restrictions,абмежаванні на вандраванне ў сувязі з каранавіруснай інфекцыяй covid
234,en,be,,,covid treatment,лячэнне каранавіруснай інфекцыі covid
236,en,be,,,covid vaccine,вакцына ад каранавіруснай інфекцыі covid
237,en,be,,,covid vaccines,вакцыны ад каранавіруснай інфекцыі covid
242,en,be,,,covid-19,каранавірусная інфекцыя covid-19
243,en,be,,,covid-19 alert,папярэджанне аб каранавіруснай інфекцыі covid-19
244,en,be,,,covid-19 cases,выпадкі каранавіруснай інфекцыі covid-19
245,en,be,,,covid-19 CDC,Даныя цэнтра кантролю захворванняў па каранавіруснай інфекцыі covid-19
246,en,be,,,covid-19 contagious,кантагіёзная каранавірусная інфекцыя covid-19
247,en,be,,,covid-19 cure,сродак лячэння каранавіруснай інфекцыі covid-19
248,en,be,,,covid-19 dangerous,небяспечная каранавірусная інфекцыя covid-19
249,en,be,,,covid-19 deadly,смяротная каранавірусная інфекцыя covid-19
250,en,be,,,covid-19 death,смяротны выпадак ад каранавіруснай інфекцыі covid-19
251,en,be,,,covid-19 deaths,смяротныя выпадкі ад каранавіруснай інфекцыі covid-19
252,en,be,,,covid-19 domestic travel,унутранае вандраванне каранавіруснай інфекцыі covid-19
253,en,be,,,covid-19 early symptoms,раннія сімптомы каранавіруснай інфекцыі covid-19
254,en,be,,,covid-19 effects,праяўленні каранавіруснай інфекцыі covid-19
255,en,be,,,covid-19 epidemic,эпідэмія каранавіруснай інфекцыі covid-19
256,en,be,,,covid-19 exposure,уздзеянне каранавіруснай інфекцыі covid-19
257,en,be,,,covid-19 fatal,смяротна небяспечная каранавіруснай інфекцыя covid-19
258,en,be,,,covid-19 fever,гарачка пры каранавіруснай інфекцыі covid-19
259,en,be,,,covid-19 illness,хвароба каранавіруснай інфекцыі covid-19
260,en,be,,,covid-19 incubation,інкубацыйны перыяд каранвіруснай інфекцыі covid-19
261,en,be,,,covid-19 incubation period,інкубацыйны перыяд каранавіруснай інфекцыі covid-19
262,en,be,,,covid-19 infection,каранавірусная інфекцыя covid-19
263,en,be,,,covid-19 international spread,міжнароднае распаўсюджванне каранавіруснай інфекцыі covid-19
264,en,be,,,covid-19 international travel,міжнароднае вандраванне каранавіруснай інфекцыі covid-19
265,en,be,,,covid-19 isolation,ізаляцыя каранавіруснай інфекцыі covid-19
266,en,be,,,covid-19 lockdown,каранцін пры каранавіруснай інфекцыі covid-19
267,en,be,,,covid-19 map,карта каранавіруснай інфекцыі covid-19
268,en,be,,,covid-19 medicine,лекі ад каранавіруснай інфекцыі covid-19
269,en,be,,,covid-19 medicines,лекі ад каранавіруснай інфекцыі covid-19
270,en,be,,,covid-19 news,навіны аб каранавіруснай інфекцыі covid-19
271,en,be,,,covid-19 outbreak,успышка каранавіруснай інфекцыі covid-19
272,en,be,,,covid-19 pandemic,пандэмія каранавіруснай інфекцыі covid-19
273,en,be,,,covid-19 panic,паніка падчас каранавіруснай інфекцыі covid-19
275,en,be,,,covid-19 precautions,меры засцярогі ад каранвіруснай інфекцыі covid-19
276,en,be,,,covid-19 protection,засцярога ад каранавіруснай інфекцыі covid-19
277,en,be,,,covid-19 quarantine,каранцін пры каранавіруснай інфекцыі covid-19
278,en,be,,,covid-19 SOS Alert,Сігнал СОС каранавіруснай інфекцыі covid-19
279,en,be,,,covid-19 spread,распаўсюджванне каранавіруснай інфекцыі covid-19
280,en,be,,,covid-19 symptoms,сімптомы каранавіруснай інфекцыі covid-19
281,en,be,,,covid-19 transmission,перадача каранавіруснай інфекцыі covid-19
282,en,be,,,covid-19 travel ban,забарона на вандраванне ў сувязі з каранавіруснай інфекцыяй covid-19
283,en,be,,,covid-19 travel restrictions,абмежаванні на вандраванне ў сувязі з каранавіруснай інфекцыяй covid-19
284,en,be,,,covid-19 treatment,лячэнне каранавіруснай інфекцыі covid-19
285,en,be,,,covid-19 uncontrolled spread,некантралюемае распаўсюджванне каранавіруснай інфекцыі covid-19
286,en,be,,,covid-19 vaccine,вакцына ад каранавіруснай інфекцыі covid-19
287,en,be,,,covid-19 vaccines,вакцыны ад каранавіруснай інфекцыі covid-19
288,en,be,,,COVID-19 virus,каранавірусная інфекцыя covid-19
289,en,be,,,covid-19 virus outbreak,успышка каранавіруснай інфекцыі covid-19
290,en,be,,,covid-19 virus transmission,перадача каранавіруснай інфекцыі covid-19
291,en,be,,,covid-19 WHO,Даныя сусветнай арганізацыі па ахове здароўя па каранавіруснай інфекцыі covid-19
292,en,be,,,covid19,каранавірусная інфекцыя covid19
293,en,be,,,covid19 alert,папярэджанне аб каранавіруснай інфекцыі covid19
294,en,be,,,covid19 cases,выпадкі каранавіруснай інфекцыі covid19
295,en,be,,,covid19 CDC,Даныя цэнтра кантролю захворванняў па каранавіруснай інфекцыі covid19
301,en,be,,,covid19 deaths,смяротный выпадкі ад каранавіруснай інфекцыі covid19
302,en,be,,,covid19 domestic travel,унутранае вандраванне каранавіруснай інфекцыі covid19
303,en,be,,,covid19 effects,праяўленні каранавіруснай інфекцыі covid19
304,en,be,,,covid19 epidemic,эпідэмія каранавіруснай інфекцыі covid19
305,en,be,,,covid19 exposure,уздзеянне каранавіруснай інфекцыі covid19
306,en,be,,,covid19 fatal,смяротна небяспечная каранавірусная інфекцыя covid19
307,en,be,,,covid19 fever,гарачка пры каранавіруснай інфекцыі covid19
308,en,be,,,covid19 illness,хвароба каранавіруснай інфекцыі covid19
309,en,be,,,covid19 incubation,інкубацыйны перыяд каранавіруснай інфекцыі covid19
310,en,be,,,covid19 incubation period,інкубацыйны перыяд каранавіруснай інфекцыі covid19
311,en,be,,,covid19 infection,каранавірусная інфекцыя covid19
312,en,be,,,covid19 international spread,міжнароднае распаўсюджванне каранавіруснай інфекцыі covid19
313,en,be,,,covid19 international travel,міжнароднае вандраванне каранавіруснай інфекцыі covid19
314,en,be,,,covid19 isolation,ізаляцыя каранавіруснай інфекцыі covid19
315,en,be,,,covid19 lockdown,каранцін пры каранавіруснай інфекцыі covid19
316,en,be,,,covid19 map,карта каранавіруснай інфекцыі covid19
317,en,be,,,covid19 medicine,лекі ад каранавіруснай інфекцыі covid19
318,en,be,,,covid19 medicines,лекі ад каранавіруснай інфекцыі covid19
319,en,be,,,covid19 news,навіны аб каранавіруснай інфекцыі covid19
320,en,be,,,covid19 outbreak,успышка каранавіруснай інфекцыі covid19
321,en,be,,,covid19 pandemic,пандэмія каранавіруснай інфекцыі covid19
324,en,be,,,covid19 precautions,меры засцярогі ад каранавіруснай інфекцыі covid19
325,en,be,,,covid19 protection,засцярога ад каранавіруснай інфекцыі covid19
326,en,be,,,covid19 quarantine,каранцін пры каранавіруснай інфекцыі covid19
327,en,be,,,covid19 SOS Alert,Сігнал СОС каранавіруснай інфекцыі covid19
328,en,be,,,covid19 spread,распаўсюджванне каранавіруснай інфекцыі covid19
329,en,be,,,covid19 symptoms,сімптомы каранавіруснай інфекцыі covid19
330,en,be,,,covid19 transmission,перадача каранавіруснай інфекцыі covid19
331,en,be,,,covid19 travel ban,забарона на вандраванне ў сувязі з каранавіруснай інфекцыяй covid19
332,en,be,,,covid19 travel restrictions,абмежаванні на вандраванне ў сувязі з каранавіруснай інфекцыяй covid19
333,en,be,,,covid19 treatment,лячэнне каранавіруснай інфекцыі covid19
335,en,be,,,covid19 vaccine,вакцына ад каранавіруснай інфекцыі covid19
336,en,be,,,covid19 vaccines,вакцыны ад каранавіруснай інфекцыі covid19
337,en,be,,,covid19 virus,каранавірусная інфекцыя covid19
338,en,be,,,covid19 virus outbreak,успышка каранавіруснай інфекцыі covid19
339,en,be,,,covid19 virus transmission,перадача каранавіруснай інфекцыі covid19
342,en,be,,,current outbreak,бягучая ўспышка
343,en,be,,,deadly outbreak,смяротная ўспышка
345,en,be,,,disease outbreak,успышка хваробы
346,en,be,,,Disposable hand sanitizer,Аднаразовы дэзінфіцыруючы сродак для рук
348,en,be,,,domestic travel,унутранае вандраванне
351,en,be,,,droplets,кропелькі
357,en,be,,,Effects of coronavirus,Праяўленні каранавіруса
359,en,be,,,epidemic,эпідэмія
360,en,be,,,epidemic and pandemic,эпідэмія і пандэмія
362,en,be,,,epidemic disease,эпідэмічная хвароба
364,en,be,,,epidemic outbreak,успышка эпідэміі
365,en,be,,,epidemic period,эпідэмічны перыяд
366,en,be,,,epidemic prevention,прафілактыка эпідэміі
368,en,be,,,epidemic season,эпідэмічны сезон
369,en,be,,,epidemic situation,эпідэмічная сітуацыя
371,en,be,,,exposure,уздзеянне
375,en,be,,,exposure time,час уздзеяння
379,en,be,,,fever,гарачка
380,en,be,,,fight the virus,змагацца з вірусам
381,en,be,,,Fighting the outbreak,Змаганне з успышкай
382,en,be,,,flu epidemic,эпідэмія грыпу
385,en,be,,,fomites,фаміты
392,en,be,,,global health emergency,глабальная надзвычайная сітуацыя ў галіне аховы здароўя
393,en,be,,,global outbreak,глабальная ўспышка
394,en,be,,,global pandemic,глабальная пандэмія
396,en,be,,,hand sanitizer,дэзінфіцыруючы сродак для рук
397,en,be,,,hand sanitizer dispenser,дазатар дэзінфіцыруючага сродку для рук
398,en,be,,,hand sanitizer gel,дэзінфіцыруючы гель для рук
399,en,be,,,hand sanitizer spray,дэзінфіцыруючы спрэй для рук
403,en,be,,,home isolation,хатняя ізаляцыя
404,en,be,,,home quarantine,хатні каранцін
410,en,be,,,illness,хвароба
415,en,be,,,incubation period,інкубацыйны перыяд
418,en,be,,,infected,інфіцыраваны
424,en,be,,,instant hand sanitizer,сродак для хуткай дэзінфекцыі рук
425,en,be,,,international spread,міжнароднае распаўсюджванне
426,en,be,,,international travel,міжнароднае вандраванне
427,en,be,,,isolation,ізаляцыя
428,en,be,,,isolation period,перыяд ізаляцыі
430,en,be,,,isolation room,пакой ізаляцыі
431,en,be,,,isolation valve,ізалюючы клапан
432,en,be,,,isolation ward,медыцынскі ізалятар
434,en,be,,,lockdown,каранцін
438,en,be,,,major outbreak,буйная ўспышка
439,en,be,,,mandatory quarantine,абавязковы каранцін
440,en,be,,,mass gathering,масавы збор
444,en,be,,,medicine,лекі
445,en,be,,,medicines,лекі
448,en,be,,,n95,маска тыпу n95
449,en,be,,,n95 mask,маска тыпу n95
450,en,be,,,n95 respirator,рэспіратар тыпу n95
451,en,be,,,ncov,новы каранавірус ncov
452,en,be,,,ncov-2019,новы каранавірус ncov-2019
453,en,be,,,new coronavirus,новы каранавірус
454,en,be,,,new coronavirus pneumonia,новая каранавірусная пнеўманія
460,en,be,,,novel coronavirus,новы каранавірус
462,en,be,,,novel coronavirus infection,новая каранавірусная інфекцыя
463,en,be,,,novel coronavirus outbreak,ўспышка новага каранавіруса
464,en,be,,,novel coronavirus pneumonia,новая каранавірусная пнеўманія
470,en,be,,,ongoing outbreak,працягваючаяся ўспышка
472,en,be,,,outbreak,успышка
474,en,be,,,outbreak of coronavirus,успышка каранавіруса
475,en,be,,,outbreak of disease,успышка хваробы
482,en,be,,,pandemic,пандэмія
485,en,be,,,pandemic influenza,пандэмічны грып
486,en,be,,,pandemic outbreak,успышка пандэміі
487,en,be,,,pandemic plan,план пандэміі
488,en,be,,,pandemic potential,патэнцыял пандэміі
495,en,be,,,pneumonia,пнеўманія
496,en,be,,,pneumonia epidemic,эпідэмія пнеўманіі
497,en,be,,,potential exposure,патэнцыяльнае ўздзеянне
498,en,be,,,precautions,меры засцярогі
499,en,be,,,prevent virus,папярэдзіць вірус
500,en,be,,,prolonged exposure,працяглае ўздзеянне
504,en,be,,,quarantine,каранцін
505,en,be,,,quarantine area,вобласць каранціна
506,en,be,,,quarantine facility,каранцінная база
507,en,be,,,quarantine measures,каранцінныя меры
508,en,be,,,quarantine period,каранцінны перыяд
509,en,be,,,quarantine room,пакой для каранціна
510,en,be,,,quarantine zone,зона каранціна
512,en,be,,,Recovered coronavirus patient,"Пацыент, вылечаны ад каранавіруса"
514,en,be,,,repatriate,рэпатрыірую
515,en,be,,,repeated exposure,паўторнае ўздзеянне
516,en,be,,,respiratory syncytial virus,рэспіраторны сінцыцыяльны вірус
517,en,be,,,respiratory virus,рэспіраторны вірус
519,en,be,,,Sanitizing hand sanitizer,Дэзінфіцыруючы сродак для рук
520,en,be,,,SARS-CoV-2,Цяжкі востры рэспіраторны сіндром-CoV-2
521,en,be,,,self isolation,самастойная ізаляцыя
522,en,be,,,self quarantine,самастойны каранцін
523,en,be,,,Severe outbreak,Вельмі моцная ўспышка
525,en,be,,,social distancing,сацыяльнае дыстанцыраванне
526,en,be,,,social distancing measures,меры сацыяльнага дыстанцыравання
527,en,be,,,social isolation,сацыяльная ізаляцыя
528,en,be,,,SOS Alert,Сігнал СОС
529,en,be,,,spread,распаўсюджванне
530,en,be,,,spread of coronavirus,распаўсюджванне каранавіруса
531,en,be,,,spread of virus,распаўсюджванне віруса
535,en,be,,,strain of virus,штам віруса
541,en,be,,,the incubation period,інкубацыйны перыяд
544,en,be,,,the novel coronavirus,новы каранавірус
558,en,be,,,touching face,кранаць твар
559,en,be,,,travel advisory,рэкамендацыі па вандраванням
560,en,be,,,travel ban,забарона на вандраванне
561,en,be,,,travel restrictions,абмежаванні на вандраванне
565,en,be,,,use hand sanitizer,выкарыстоўвайце дэзінфіцыруючы сродак для рук
566,en,be,,,vaccines,вакцыны
567,en,be,,,viral outbreak,вірусная ўспышка
568,en,be,,,virtual lockdown,віртуальны каранцін
569,en,be,,,virus,вірус
570,en,be,,,virus carrier,носьбіт віруса
573,en,be,,,virus infection,вірусная інфекцыя
575,en,be,,,virus mask,маска ад віруса
576,en,be,,,virus outbreak,успышка віруса
577,en,be,,,virus prevention,прафілактыка віруса
578,en,be,,,virus protection,засцярога ад віруса
580,en,be,,,virus spread,распаўсюджванне віруса
582,en,be,,,virus spreads,вірус распаўсюджваецца
583,en,be,,,virus strain,штам віруса
584,en,be,,,virus transmission,перадача віруса
586,en,be,,,wash your hands,мыйце рукі
587,en,be,,,washing hands,мыццё рук
589,en,be,,,WHO,Сусветная арганізацыя па ахове здароўя
590,en,be,,,WHO Confirmed,Сусветная арганізацыя па ахове здароўя пацвердзіла
591,en,be,,,WHO Deaths,смяротныя выпадкі па даным сусветнай арганізацыі па ахове здароўя
592,en,be,,,widespread outbreak,шырока распаўсюджаная ўспышка
597,en,be,,,World Health Organization,Сусветная арганізацыя па ахове здароўя
600,en,be,,,zoonotic disease,заанозы
601,en,be,,,zoonotic virus,заанозны вірус