stringID,sourceLang,targetLang,pos,description,sourceString,targetString
1,en,my,adjective,"In the context of coronavirus (COVID-19): transmissible by direct or indirect contact with an infected person (describes the disease or the virus, not a person).",contagious,ကူးစက်တတ်သော
2,en,my,noun,In the context of coronavirus (COVID-19): known cases of people who currently have the disease.,active cases,ကူးစက်နိုင်သောအဆင့်ရှိ လူနာ
3,en,my,noun,In the context of coronavirus (COVID-19): cases of people infected with the virus which have been confirmed via medical testing.,confirmed cases,အတည်ပြုထားသည့် လူနာများ
4,en,my,proper noun,"Short for ""Centers for Disease Control and Prevention"": a US federal agency under the Department of Health and Human Services, whose main goal is to protect public health and safety through the control and prevention of disease.",CDC,CDC
5,en,my,noun,"A formal name for the disease caused by the SARS-CoV-2 virus, responsible for the 2019/2020 global pandemic.",COVID-19,COVID-19
6,en,my,noun,In the context of coronavirus (COVID-19): a place where people can be tested for the virus.,COVID-19 testing center,COVID-19 စစ်ဆေးမှုဌာန
7,en,my,noun,"An informal name for the SARS-CoV-2 virus (also known as ""novel coronavirus""), responsible for the 2019/2020 global pandemic of COVID-19 (the disease caused by the virus). Sometimes refers to the entire category of coronaviruses, of which SARS-CoV-2 is just one example.",coronavirus,ကိုရိုနာဗိုင်းရပ်စ်
8,en,my,noun,"In the context of coronavirus (COVID-19): a mask covering the nose, mouth and/or eyes of the wearer, intended to protect the wearer from spreading or contracting pathogens.",face mask,နှာခေါင်းစည်း
9,en,my,noun,"In the context of coronavirus (COVID-19): can be a person, such as a doctor, but also an organization, such as a hospital or insurance company.",healthcare provider,ကျန်းမာရေးဝန်ဆောင်မှုပေးသူ
10,en,my,noun,"In the context of coronavirus (COVID-19): a person who works in healthcare, such as a doctor or therapist.",healthcare professional,ကျန်းမာရေးဝန်ထမ်း
11,en,my,noun,"In the context of coronavirus (COVID-19): the practice of cleaning one's hands, e.g. with water and soap, in order to get rid of the virus and other pathogens.",hand-washing,လက်ဆေးခြင်း
12,en,my,noun,In the context of coronavirus (COVID-19): the period of time between infection and the appearance of symptoms of the disease.,incubation period,ရောဂါပျိုးချိန်
13,en,my,noun,In the context of coronavirus (COVID-19): the practice of separating sick people from healthy people to prevent the spread of disease.,isolation,တစ်ကိုယ်တည်း သီးခြားထားခြင်း
14,en,my,noun,In the context of the coronavirus (COVID-19): the practice of restricting the movement of healthy people who may have been exposed to the virus to see if they become ill.,quarantine,သီးသန့်ထား၍ ခွဲခြားစောင့်ကြည့်ခြင်း
15,en,my,verb,In the context of the coronavirus (COVID-19): to restrict the movement of healthy people who may have been exposed to the virus to see if they become ill.,quarantine,သီးသန့်ထား၍ ခွဲခြားစောင့်ကြည့်ခြင်း
16,en,my,proper noun,"Short for ""National Institutes of Health Agency"": the primary US government agency responsible for biomedical and public health research; part of the United States Department of Health and Human Services.",NIH,NIH
17,en,my,noun,"In the context of coronavirus (COVID-19): being within a close distance (1-2m) of another person, not necessarily having actual physical contact. Close contact is one possible way for the virus to spread from person to person.",close contact,အနီးကပ် ထိတွေ့ခြင်း
18,en,my,noun,In the context of coronavirus (COVID-19): the process of the virus spreading from person to person.,transmission,ကူးစက်ခြင်း
19,en,my,noun,In the context of coronavirus (COVID-19): cases of people infected with the virus which have resulted in the end of the infected person's life.,deaths,သေဆုံးမှုများ
20,en,my,noun,In the context of coronavirus (COVID-19): a place where people can be tested for the virus.,testing center,စစ်ဆေးမှုဌာန
21,en,my,verb,"In the context of the coronavirus (COVID-19): to infect new people, in a particular area or globally.",spread,ကူးစက်ပြန့်ပွားသည်
22,en,my,verb,A header for a set of five recommendations surfaced to users looking for coronavirus tips. See: https://www.google.com/search?q=coronavirus+tips&fbx=dothefive,Do the Five,အချက်ငါးချက် လိုက်နာပါ
23,en,my,proper noun,"A specialized agency of the United Nations that is concerned with world public health. Abbreviated as ""WHO"". See: https://en.wikipedia.org/wiki/World_Health_Organization",World Health Organization,ကမ္ဘာ့ကျန်းမာရေး အဖွဲ့
24,en,my,proper noun,"Short for ""World Health Organization"": a specialized agency of the United Nations that is concerned with world public health. See: https://en.wikipedia.org/wiki/World_Health_Organization",WHO,WHO
25,en,my,,,14 days in isolation,၁၄ ရက် သီးခြားခွဲ၍ နေထိုင်ခြင်း
26,en,my,,,14 days quarantine,ရောဂါမကူးအောင် ၁၄ ရက် သီးခြားခွဲနေထိုင်ခြင်း
27,en,my,,,2019 coronavirus,၂၀၁၉ ကိုရိုနာဗိုင်းရပ်စ်
28,en,my,,,2019 novel coronavirus,၂၀၁၉ နိုဗယ် ကိုရိုနာဗိုင်းရပ်စ်
29,en,my,,,2019-nCoV,2019-nCoV
30,en,my,,,2020 coronavirus,၂၀၂၀ ကိုရိုနာဗိုင်းရပ်စ်
31,en,my,,,2020 novel coronavirus,၂၀၂၀ နိုဗယ် ကိုရိုနာဗိုင်းရပ်စ်
33,en,my,,,about coronavirus,ကိုရိုနာဗိုင်းရပ်စ် အကြောင်း
39,en,my,,,acute respiratory distress syndrome,ပြင်းထန် အသက်ရှူလမ်းကြောင်းဆိုင်ရာ ထိခိုက်နာကျင်မှု လက္ခဏာစု
40,en,my,,,advanced hand sanitizer,အဆင့်မြင့် လက်သန့်ဆေး
41,en,my,,,Affected by coronavirus,ကိုရိုနာဗိုင်းရပ်စ် ကူးစက်ခံထားရသည်
42,en,my,,,after exposure,ထိတွေ့ပြီးနောက်
43,en,my,,,After the epidemic,ကပ်ရောဂါ ဖြစ်ပြီးနောက်
44,en,my,,,After the outbreak,ဖြစ်ပွားပြီးနောက်
47,en,my,,,airborne virus,လေထဲမှ ကူးစက်တတ်သော ဗိုင်းရပ်စ်
48,en,my,,,alcohol based hand sanitizer,အရက်ပျံကို အခြေခံသော လက်သန့်ဆေး
49,en,my,,,alcohol hand sanitizer,အရက်ပျံပါ လက်သန့်ဆေး
51,en,my,,,alcohol-based hand sanitizer,အရက်ပျံကို အခြေခံထုတ်ထားသော လက်သန့်ဆေး
59,en,my,,,Anti-Corona virus spray,ကိုရိုနာဗိုင်းရပ်စ်သတ် စပရေး
60,en,my,,,antibacterial hand sanitizer,ပိုးသတ် လက်သန့်ဆေး
61,en,my,,,ARDS,ARDS
64,en,my,,,avoid exposure,ထိတွေ့ခြင်းမှ ရှောင်ရှားပါ
65,en,my,,,be infected,ကူးစက်ခံရသည်
75,en,my,,,Beware of coronavirus,ကိုရိုနာဗိုင်းရပ်စ်ကို သတိထားပါ
76,en,my,,,bilateral interstitial pneumonia,အဆုပ်နှင့် အသက်ရှူလမ်းကြောင်း မူမမှန် နမိုးနီးယားရောဂါ
77,en,my,,,CDC,CDC
78,en,my,,,Center for Disease Control,ရောဂါထိန်းချုပ်ရေး စင်တာ
83,en,my,,,community spread,လူထုအတွင်း ကူးစက်ပျံ့နှံ့မှု
84,en,my,,,compulsory quarantine,ရောဂါမကူးစက်စေရန် မဖြစ်မနေခွဲထားသည့် အချိန်ကာလ
85,en,my,,,contagious,ကူးစက်နိုင်သော
135,en,my,,,coronavirus,ကိုရိုနာ ဗိုင်းရပ်စ်
136,en,my,,,coronavirus (COVID-19),ကိုရိုနာဗိုင်းရပ်စ် (COVID-19)
137,en,my,,,coronavirus alert,ကိုရိုနာဗိုင်းရပ်စ်ဆိုင်ရာ နှိုးဆော်ချက်
139,en,my,,,coronavirus cases,ကိုရိုနာဗိုင်းရပ်စ် အခြေအနေများ
141,en,my,,,coronavirus concerns,ကိုရိုနာဗိုင်းရပ်စ်ဆိုင်ရာ စိုးရိမ်မှုများ
143,en,my,,,coronavirus crisis,ကိုရိုနာဗိုင်းရပ် ကပ်ဆိုက်သောကာလ
149,en,my,,,coronavirus disease,ကိုရိုနာဗိုင်းရပ်စ် ရောဂါ
150,en,my,,,Coronavirus disease (COVID-19) outbreak,ကိုရိုနာဗိုင်းရပ်စ်ရောဂါ (COVID-19) ဖြစ်ပွားမှု
153,en,my,,,coronavirus early symptoms,ကိုရိုနာဗိုင်းရပ်စ်၏ အစောပိုင်း လက္ခဏာများ
155,en,my,,,coronavirus epidemic,ကိုရိုနာဗိုင်းရပ်စ် ကပ်ရောဂါ
156,en,my,,,coronavirus exposure,ကိုရိုနာဗိုင်းရပ်စ်နှင့် ထိမိခြင်း
161,en,my,,,coronavirus incubation,ကိုရိုနာဗိုင်းရပ်စ် ရောဂါပျိုးချိန်
162,en,my,,,coronavirus incubation period,ကိုရိုနာဗိုင်းရပ်စ် ရောဂါအစပျိုးချိန် ကာလ
163,en,my,,,coronavirus infection,ကိုရိုနာဗိုင်းရပ်စ် ကူးစက်ခံရခြင်း
168,en,my,,,coronavirus map,ကိုရိုနာဗိုင်းရပ်စ် ကူးစက်မှုပြ မြေပုံ
170,en,my,,,coronavirus medicine,ကိုရိုနာဗိုင်းရပ်စ် ကုသဆေး
171,en,my,,,coronavirus medicines,ကိုရိုနာဗိုင်းရပ်စ် ကုသဆေးများ
172,en,my,,,coronavirus news,ကိုရိုနာဗိုင်းရပ်စ် သတင်းများ
173,en,my,,,coronavirus outbreak,ကိုရိုနာဗိုင်းရပ်စ် ဖြစ်ပွားမှု
174,en,my,,,coronavirus pandemic,ကိုရိုနာဗိုင်းရပ်စ် ကပ်ရောဂါ
176,en,my,,,coronavirus pneumonia,ကိုရိုနာဗိုင်းရပ်စ် နမိုးနီးယား
177,en,my,,,coronavirus precautions,ကိုရိုနာဗိုင်းရပ်စ် ကြိုတင်သတိပေးချက်များ
178,en,my,,,coronavirus prevention,ကိုရိုနာဗိုင်းရပ်စ် ကြိုတင်ကာကွယ်ခြင်း
179,en,my,,,coronavirus protection,ကိုရိုနာဗိုင်းရပ်စ် ကြိုတင်ကာကွယ်ခြင်း
180,en,my,,,coronavirus quarantine,ကိုရိုနာဗိုင်းရပ်စ်ကူးစက်ခံရသဖြင့် သီးခြားခွဲထားခြင်း
182,en,my,,,coronavirus SOS Alert,ကိုရိုနာဗိုင်းရပ်စ် SOS နှိုးဆော်ချက်
183,en,my,,,coronavirus spread,ကိုရိုနာဗိုင်းရပ်စ် ပျံ့ပွားမှု
184,en,my,,,coronavirus symptoms,ကိုရိုနာဗိုင်းရပ်စ်ကူးစက်ခံရသည့် လက္ခဏာများ
185,en,my,,,coronavirus transmission,တစ်ဆင့်ခံ ကိုရိုနာဗိုင်းရပ်စ် ကူးစက်မှု
186,en,my,,,coronavirus travel ban,ကိုရိုနာဗိုင်းရပ်စ်ကြောင့် ခရီးသွားမှု တားမြစ်ခြင်း
187,en,my,,,coronavirus travel restrictions,ကိုရိုနာဗိုင်းရပ်စ်ကြောင့် ခရီးသွားမှု ကန့်သတ်ချက်များ
188,en,my,,,coronavirus treatment,ကိုရိုနာဗိုင်းရပ်စ် ကုသမှု
190,en,my,,,coronavirus update,ကိုရိုနာဗိုင်းရပ်စ် အပ်ဒိတ်
191,en,my,,,coronavirus vaccine,ကိုရိုနာဗိုင်းရပ်စ် ကာကွယ်ဆေး
192,en,my,,,coronavirus vaccines,ကိုရိုနာဗိုင်းရပ်စ် ကာကွယ်ဆေးများ
198,en,my,,,covid cases,ကိုဗစ် ရောဂါဖြစ်ပွားမှုများ
205,en,my,,,covid early symptoms,ကိုဗစ်၏ အစောပိုင်း လက္ခဏာများ
213,en,my,,,covid incubation period,ကိုဗစ် ရောဂါအစပျိုးချိန် ကာလ
215,en,my,,,covid international spread,ကိုဗစ် နိုင်ငံတကာတွင် ပျံ့နှံ့မှု
216,en,my,,,covid international travel,ကိုဗစ်ဖြစ်ပွားသည့် ကာလအတွင်း နိုင်ငံတကာသို့ ခရီးသွားခြင်း
217,en,my,,,covid isolation,ကိုဗစ်ကူးစက်ခံရသဖြင့် သီးခြားခွဲထားခြင်း
219,en,my,,,covid map,ကိုဗစ်ကူးစက်မှုပြ မြေပုံ
220,en,my,,,covid medicine,ကိုဗစ် ကုသဆေး
221,en,my,,,covid medicines,ကိုဗစ် ကုသဆေးများ
222,en,my,,,covid news,ကိုဗစ် သတင်းများ
223,en,my,,,covid outbreak,ကိုဗစ် ဖြစ်ပွားမှု
224,en,my,,,covid pandemic,ကိုဗစ် ကပ်ရောဂါ
225,en,my,,,covid panic,ကိုဗစ်ကို ထိတ်လန့်ကြောက်ရွံ့ခြင်း
228,en,my,,,covid SOS Alert,ကိုဗစ် SOS နှိုးဆော်ချက်
230,en,my,,,covid symptoms,ကိုဗစ်ကူးစက်ခံရသော လက္ခဏာများ
231,en,my,,,covid transmission,တစ်ဆင့်ခံ ကိုဗစ် ကူးစက်ခံရမှု
232,en,my,,,covid travel ban,ကိုဗစ် ခရီးသွားမှု တားမြစ်ခြင်း
233,en,my,,,covid travel restrictions,ကိုဗစ် ခရီးသွားမှု ကန့်သတ်ချက်များ
234,en,my,,,covid treatment,ကိုဗစ်ရောဂါ ကုသရေး
236,en,my,,,covid vaccine,ကိုဗစ် ကာကွယ်ဆေး
237,en,my,,,covid vaccines,ကိုဗစ် ကာကွယ်ဆေးများ
242,en,my,,,covid-19,ကိုဗစ်-၁၉
243,en,my,,,covid-19 alert,covid-19 နှိုးဆော်ချက်
244,en,my,,,covid-19 cases,covid-19 ရောဂါဖြစ်ပွားမှုများ
245,en,my,,,covid-19 CDC,covid-19 CDC
246,en,my,,,covid-19 contagious,ကူးစက်တတ်သော covid-19
247,en,my,,,covid-19 cure,covid-19 ကုသရေး
248,en,my,,,covid-19 dangerous,အန္တရာယ်ရှိသော covid-19
249,en,my,,,covid-19 deadly,သေစေနိုင်သော covid-19
250,en,my,,,covid-19 death,covid-19 ကြောင့် သေဆုံးမှု
251,en,my,,,covid-19 deaths,covid-19 ကြောင့် သေဆုံးမှုများ
252,en,my,,,covid-19 domestic travel,covid-19 နှင့် ပြည်တွင်း ခရီးသွားခြင်း
253,en,my,,,covid-19 early symptoms,covid-19 ၏ အစောပိုင်း လက္ခဏာများ
254,en,my,,,covid-19 effects,covid-19 ၏ သက်ရောက်မှုများ
255,en,my,,,covid-19 epidemic,covid-19 ကပ်ရောဂါ
256,en,my,,,covid-19 exposure,covid-19 နှင့် ထိတွေ့မိခြင်း
257,en,my,,,covid-19 fatal,သေစေနိုင်သော covid-19
258,en,my,,,covid-19 fever,covid-19 ကြောင့် ဖျားနာမှု
259,en,my,,,covid-19 illness,covid-19 ကြောင်း နာမကျန်းမှု
260,en,my,,,covid-19 incubation,covid-19 ရောဂါအစပျိုးချိန်
261,en,my,,,covid-19 incubation period,covid-19 ရောဂါအစပျိုးချိန် ကာလ
262,en,my,,,covid-19 infection,covid-19 ကူးစက်ခံရခြင်း
263,en,my,,,covid-19 international spread,covid-19 နိုင်ငံတကာတွင် ကူးစက်ပျံ့နှံ့မှု
264,en,my,,,covid-19 international travel,covid-19 နှင့် နိုင်ငံတကာ ခရီးသွားခြင်း
265,en,my,,,covid-19 isolation,covid-19 ကြောင့် သီးခြားခွဲထားခြင်း
266,en,my,,,covid-19 lockdown,covid-19 ကြောင့် အပြင်မထွက်ရ သတ်မှတ်ခြင်း
267,en,my,,,covid-19 map,covid-19 ကူးစက်မှုပြ မြေပုံ
268,en,my,,,covid-19 medicine,covid-19 ကုသဆေး
269,en,my,,,covid-19 medicines,covid-19 ကုသဆေးများ
270,en,my,,,covid-19 news,covid-19 သတင်း
271,en,my,,,covid-19 outbreak,covid-19 ဖြစ်ပွားမှု
272,en,my,,,covid-19 pandemic,covid-19 ကပ်ရောဂါ
273,en,my,,,covid-19 panic,covid-19 ကို ထိတ်လန့်ကြောက်ရွံ့ခြင်း
275,en,my,,,covid-19 precautions,covid-19 ကြိုတင်သတိပေးချက်များ
276,en,my,,,covid-19 protection,covid-19 ကာကွယ်ခြင်း
277,en,my,,,covid-19 quarantine,covid-19 ကူးစက်ခံရမည်စိုး၍ သီးခြားခွဲထားခြင်း
278,en,my,,,covid-19 SOS Alert,covid-19 SOS နှိုးဆော်ချက်
279,en,my,,,covid-19 spread,covid-19 ပျံ့နှံ့မှု
280,en,my,,,covid-19 symptoms,covid-19 ကူးစက်ခံရသော လက္ခဏာများ
281,en,my,,,covid-19 transmission,တစ်ဆင့်ခံ covid-19 ကူးစက်ခြင်း
282,en,my,,,covid-19 travel ban,covid-19 ခရီးသွားမှု တားမြစ်ခြင်း
283,en,my,,,covid-19 travel restrictions,covid-19 ခရီးသွားမှု ကန့်သတ်ချက်များ
284,en,my,,,covid-19 treatment,covid-19 ကုသရေး
285,en,my,,,covid-19 uncontrolled spread,covid-19 မထိန်းချုပ်နိုင်အောင် ပျံ့နှံ့မှု
286,en,my,,,covid-19 vaccine,covid-19 ကာကွယ်ဆေး
287,en,my,,,covid-19 vaccines,covid-19 ကာကွယ်ဆေးများ
288,en,my,,,COVID-19 virus,covid-19 ဗိုင်းရပ်စ်
289,en,my,,,covid-19 virus outbreak,covid-19 ဗိုင်းရပ်စ် ဖြစ်ပွားမှု
290,en,my,,,covid-19 virus transmission,covid-19 ဗိုင်းရပ်စ် တစ်ဆင့်ကူးစက်ခံရမှု
291,en,my,,,covid-19 WHO,covid-19 ဆိုင်ရာ ကမ္ဘာ့ကျန်းမာရေးအဖွဲ့
292,en,my,,,covid19,ကိုဗစ်၁၉
293,en,my,,,covid19 alert,covid19 သတိပေးနှိုးဆော်ချက်
294,en,my,,,covid19 cases,covid19 ရောဂါဖြစ်ပွားမှုများ
295,en,my,,,covid19 CDC,covid19 CDC
301,en,my,,,covid19 deaths,covid19 ကြောင့် သေဆုံးမှုများ
302,en,my,,,covid19 domestic travel,covid19 နှင့် ပြည်တွင်းခရီးသွားခြင်း
303,en,my,,,covid19 effects,covid19 ၏ သက်ရောက်မှုများ
304,en,my,,,covid19 epidemic,covid19 ကပ်ရောဂါ
305,en,my,,,covid19 exposure,covid19 နှင့် ထိမိခြင်း
306,en,my,,,covid19 fatal,သေစေနိုင်သော covid19
307,en,my,,,covid19 fever,covid19 ကြောင့် ဖျားနာမှု
308,en,my,,,covid19 illness,covid19 ကြောင့် နာမကျန်းဖြစ်ခြင်း
309,en,my,,,covid19 incubation,covid19 ရောဂါအစပျိုးချိန်
310,en,my,,,covid19 incubation period,covid19 ရောဂါအစပျိုးချိန် ကာလ
311,en,my,,,covid19 infection,covid19 ကူးစက်ခံရခြင်း
312,en,my,,,covid19 international spread,covid19 နိုင်ငံတကာတွင် ပျံ့နှံ့မှု
313,en,my,,,covid19 international travel,covid19 နှင့် နိုင်ငံတကာ ခရီးသွားခြင်း
314,en,my,,,covid19 isolation,covid19 ကြောင့် သီးခြားခွဲထားခြင်း
315,en,my,,,covid19 lockdown,covid19 ကြောင့် အပြင်မထွက်ဘဲ နေခိုင်းခြင်း
316,en,my,,,covid19 map,covid19 ကူးစက်မှုပြ မြေပုံ
317,en,my,,,covid19 medicine,covid19 ကုသဆေး
318,en,my,,,covid19 medicines,covid19 ကုသဆေးများ
319,en,my,,,covid19 news,covid19 သတင်း
320,en,my,,,covid19 outbreak,covid19 ဖြစ်ပွားမှု
321,en,my,,,covid19 pandemic,covid19 ကပ်ရောဂါ
324,en,my,,,covid19 precautions,covid19 ကြိုတင်သတိပေးချက်များ
325,en,my,,,covid19 protection,covid19 ကာကွယ်မှု
326,en,my,,,covid19 quarantine,covid19 ရောဂါကူးစက်မည်စိုး၍ သီးခြားခွဲထားခြင်း
327,en,my,,,covid19 SOS Alert,covid19 SOS နှိုးဆော်ချက်
328,en,my,,,covid19 spread,covid19 ပျံ့နှံ့မှု
329,en,my,,,covid19 symptoms,covid19 ကူးစက်ခံရသော လက္ခဏာများ
330,en,my,,,covid19 transmission,တစ်ဆင့်ခံ covid19 ကူးစက်ခံရခြင်း
331,en,my,,,covid19 travel ban,covid19 ခရီးသွားမှု တားမြစ်ခြင်း
332,en,my,,,covid19 travel restrictions,covid19 ခရီးသွားမှု ကန့်သတ်ချက်များ
333,en,my,,,covid19 treatment,covid19 ကုသမှု
335,en,my,,,covid19 vaccine,covid19 ကာကွယ်ဆေး
336,en,my,,,covid19 vaccines,covid19 ကာကွယ်ဆေးများ
337,en,my,,,covid19 virus,covid19 ဗိုင်းရပ်စ်
338,en,my,,,covid19 virus outbreak,covid19 ဗိုင်းရပ်စ် ဖြစ်ပွားမှု
339,en,my,,,covid19 virus transmission,covid19 ဗိုင်းရပ်စ် တစ်ဆင့် ကူးစက်ခံရမှု
342,en,my,,,current outbreak,လက်ရှိ ဖြစ်ပွားမှု
343,en,my,,,deadly outbreak,သေစေနိုင်သော ဖြစ်ပွားမှု
345,en,my,,,disease outbreak,ရောဂါ ဖြစ်ပွားမှု
346,en,my,,,Disposable hand sanitizer,တစ်ခါသုံး လက်သန့်ဆေး
348,en,my,,,domestic travel,ပြည်တွင်း ခရီးသွားမှု
351,en,my,,,droplets,(အရည်) အစက်ကလေးများ
357,en,my,,,Effects of coronavirus,ကိုရိုနာဗိုင်းရပ်စ်၏ သက်ရောက်မှုများ
359,en,my,,,epidemic,ကပ်ရောဂါ
360,en,my,,,epidemic and pandemic,ကပ်ရောဂါနှင့် ကမ္ဘာအနှံ့ကူးစက်သော ရောဂါ
362,en,my,,,epidemic disease,ကူးစက်မြန် ရောဂါ
364,en,my,,,epidemic outbreak,ကပ်ရောဂါ ဖြစ်ပွားမှု
365,en,my,,,epidemic period,ကပ်ရောဂါဖြစ်သည့် ကာလ
366,en,my,,,epidemic prevention,ကပ်ရောဂါ ကာကွယ်ခြင်း
368,en,my,,,epidemic season,ကူးစက်မြန် ရာသီ
369,en,my,,,epidemic situation,ကပ်ရောဂါ အခြေအနေ
371,en,my,,,exposure,ထိတွေ့ခြင်း
375,en,my,,,exposure time,ထိတွေ့ချိန်
379,en,my,,,fever,ဖျားခြင်း။ ကိုယ်ပူခြင်း
380,en,my,,,fight the virus,ဗိုင်းရပ်စ်ကို တိုက်ခိုက်ပါ
381,en,my,,,Fighting the outbreak,ဖြစ်ပွားမှုကို တိုက်ခိုက်ခြင်း
382,en,my,,,flu epidemic,ကူးစက်မြန် တုပ်ကွေး
385,en,my,,,fomites,ပိုးရှိပြီး တစ်ဆင့်ကူးစက်နိုင်သော အရာဝတ္ထုများ
392,en,my,,,global health emergency,ကမ္ဘာလုံးဆိုင်ရာ ကျန်းမာရေး အရေးပေါ်
393,en,my,,,global outbreak,တစ်ကမ္ဘာလုံးဆိုင်ရာ ဖြစ်ပွားမှု
394,en,my,,,global pandemic,တစ်ကမ္ဘာလုံးဆိုင်ရာ ကမ္ဘာအနှံ့ဖြစ်သော ရောဂါ
396,en,my,,,hand sanitizer,လက်သန့်ဆေး
397,en,my,,,hand sanitizer dispenser,လက်သန့်ဆေး ထုတ်ပေးစက်
398,en,my,,,hand sanitizer gel,လက်သန့်ဆေး ဂျယ်
399,en,my,,,hand sanitizer spray,လက်သန့်ဆေး စပရေး
403,en,my,,,home isolation,အိမ်တွင် သီးခြားခွဲနေထိုင်ခြင်း
404,en,my,,,home quarantine,အိမ်တွင် ရောဂါမကူးအောင် သီးခြားနေစေခြင်း
410,en,my,,,illness,နာမကျန်းဖြစ်ခြင်း
415,en,my,,,incubation period,ရောဂါအစပျိုးချိန် ကာလ
418,en,my,,,infected,ရောဂါပိုးဝင်သော
424,en,my,,,instant hand sanitizer,အသင့်သုံး လက်သန့်ဆေး
425,en,my,,,international spread,နိုင်ငံတကာတွင် ပျံ့နှံ့ကူးစက်မှု
426,en,my,,,international travel,နိုင်ငံတကာ ခရီးသွားခြင်း
427,en,my,,,isolation,သီးသန့်ထားခြင်း၊ ခွဲထားခြင်း
428,en,my,,,isolation period,သီးခြားခွဲထားသည့် ကာလ
430,en,my,,,isolation room,သီးခြားခွဲထားသည့် အခန်း
431,en,my,,,isolation valve,သီးသန့်သုံး ဗား
432,en,my,,,isolation ward,သီးသန့်ထားသည့် လူနာခန်း
434,en,my,,,lockdown,အပြင်မထွက်ခိုင်းခြင်း
438,en,my,,,major outbreak,အဓိက ဖြစ်ပွားရာ
439,en,my,,,mandatory quarantine,ရောဂါမကူးအောင် မဖြစ်မနေ သီးခြားခွဲနေစေခြင်း
440,en,my,,,mass gathering,အမြောက်အများ စုဝေးခြင်း
444,en,my,,,medicine,ဆေးဝါး
445,en,my,,,medicines,ဆေးဝါးများ
448,en,my,,,n95,n95
449,en,my,,,n95 mask,n95 နှာခေါင်းစည်း
450,en,my,,,n95 respirator,n95 အသက်ရှူကိရိယာ
451,en,my,,,ncov,ncov
452,en,my,,,ncov-2019,ncov-2019
453,en,my,,,new coronavirus,ကိုရိုနာဗိုင်းရပ်စ် အသစ်
454,en,my,,,new coronavirus pneumonia,ကိုရိုနာဗိုင်းရပ်စ် နမိုးနီးယား အသစ်
460,en,my,,,novel coronavirus,နိုဗယ် ကိုရိုနာဗိုင်းရပ်စ်
462,en,my,,,novel coronavirus infection,နိုဗယ် ကိုရိုနာဗိုင်းရပ်စ် ကူးစက်မှု
463,en,my,,,novel coronavirus outbreak,နိုဗယ် ကိုရိုနာဗိုင်းရပ် ဖြစ်ပွားမှု
464,en,my,,,novel coronavirus pneumonia,နိုဗယ် ကိုရိုနာဗိုင်းရပ်စ် နမိုးနီးယား
470,en,my,,,ongoing outbreak,ဆက်လက်ဖြစ်ပွားဆဲ
472,en,my,,,outbreak,ဖြစ်ပွားခြင်း
474,en,my,,,outbreak of coronavirus,ကိုရိုနာဗိုင်းရပ်စ် ဖြစ်ပွားမှု
475,en,my,,,outbreak of disease,ရောဂါ ဖြစ်ပွားမှု
482,en,my,,,pandemic,ကမ္ဘာအနှံ့ဖြစ်ပွားသော
485,en,my,,,pandemic influenza,ကမ္ဘာအနှံ့ဖြစ်ပွားသော တုပ်ကွေးရောဂါ
486,en,my,,,pandemic outbreak,ကမ္ဘာအနှံ့ကူးစက်ရောဂါ ဖြစ်ပွားမှု
487,en,my,,,pandemic plan,ကမ္ဘာအနှံ့ကူးစက်သော ရောဂါဆိုင်ရာ အစီအစဉ်
488,en,my,,,pandemic potential,ကပ်ရောဂါဖြစ်ပွားနိုင်ခြေ အလားအလာ
495,en,my,,,pneumonia,နမိုးနီးယား
496,en,my,,,pneumonia epidemic,ကူးစက်မြန် နမိုးနီးယားရောဂါ
497,en,my,,,potential exposure,ထိတွေ့မိနိုင်ခြေ
498,en,my,,,precautions,ကြိုတင်သတိပေးချက်များ
499,en,my,,,prevent virus,ဗိုင်းရပ်စ်ကို တားဆီးပါ
500,en,my,,,prolonged exposure,ကြာရှည် ထိတွေ့မှု
504,en,my,,,quarantine,ရောဂါမကူးစက်စေရန် ခွဲထားသည့် အချိန်ကာလ
505,en,my,,,quarantine area,ရောဂါမကူးအောင် သီးခြားခွဲထားသော နေရာ
506,en,my,,,quarantine facility,ရောဂါမကူးအောင် သီးခြားခွဲထားရေးဆိုင်ရာ အဆင်ပြေရေးပံ့ပိုးမှု
507,en,my,,,quarantine measures,ရောဂါမကူးအောင် သီးခြားခွဲထားရေးဆိုင်ရာ အစီအမံများ
508,en,my,,,quarantine period,ရောဂါမကူးအောင် သီးခြားခွဲထားသည့် ကာလ
509,en,my,,,quarantine room,ရောဂါမကူးအောင် သီးခြားခွဲထားသည့် အခန်း
510,en,my,,,quarantine zone,ရောဂါမကူးအောင် သီးခြားခွဲထားသည့် ဇုန်
512,en,my,,,Recovered coronavirus patient,ပျောက်ကင်းသက်သာသွားသော ကိုရိုနာဗိုင်းရပ်စ်လူနာ
514,en,my,,,repatriate,မူလနေရပ် ပြန်ပို့ခြင်း
515,en,my,,,repeated exposure,အကြိမ်ကြိမ် ထိတွေ့မိခြင်း
516,en,my,,,respiratory syncytial virus,အသက်ရှူလမ်းကြောင်းဆိုင်ရာ စင်ဆီရှယ်ဗိုင်းရပ်စ်
517,en,my,,,respiratory virus,အသက်ရှူလမ်းကြောင်းမှ ကူးစက်သောဗိုင်းရပ်စ်
519,en,my,,,Sanitizing hand sanitizer,ပိုးသန့် လက်သန့်ဆေး
520,en,my,,,SARS-CoV-2,SARS-CoV-2
521,en,my,,,self isolation,မိမိဘာသာ သီးခြားခွဲနေခြင်း
522,en,my,,,self quarantine,ရောဂါကူးမည်စိုး၍ မိမိဘာသာ သီးခြားခွဲနေခြင်း
523,en,my,,,Severe outbreak,အပြင်းအထန် ဖြစ်ပွားမှု
525,en,my,,,social distancing,လူအများနှင့် ဝေးဝေးရှောင်နေခြင်း
526,en,my,,,social distancing measures,လူအများနှင့် ဝေးဝေးရှောင်နေရေး အစီအမံများ
527,en,my,,,social isolation,လူမှုဆိုင်ရာနှင့် သီးခြားခွဲနေခြင်း
528,en,my,,,SOS Alert,SOS နှိုးဆော်ချက်
529,en,my,,,spread,ကူးစက်ပျံ့နှံ့သည်
530,en,my,,,spread of coronavirus,ကိုရိုနာဗိုင်းရပ်စ် ပျံ့နှံ့မှု
531,en,my,,,spread of virus,ဗိုင်းရပ် ပျံ့နှံ့မှု
535,en,my,,,strain of virus,ဗိုင်းရပ်စ် ပေကျံခြင်း
541,en,my,,,the incubation period,ရောဂါအစပျိုးချိန် ကာလ
544,en,my,,,the novel coronavirus,နိုဗယ် ကိုရိုနာဗိုင်းရပ်စ်
558,en,my,,,touching face,မျက်နှာအား ထိခြင်း
559,en,my,,,travel advisory,ခရီးသွား အကြံပေး
560,en,my,,,travel ban,ခရီးသွားမှု တားမြစ်ခြင်း
561,en,my,,,travel restrictions,ခရီးသွားမှု ကန့်သတ်ချက်များ
565,en,my,,,use hand sanitizer,လက်သန့်ဆေး သုံးပါ
566,en,my,,,vaccines,ကာကွယ်ဆေးများ
567,en,my,,,viral outbreak,ဗိုင်းရပ်စ် ကူးစက်ဖြစ်ပွားမှု
568,en,my,,,virtual lockdown,အိမ်တွင်နေကြရန် ထုတ်ပြန်ထားခြင်း
569,en,my,,,virus,ဗိုင်းရပ်စ်
570,en,my,,,virus carrier,ဗိုင်းရပ်စ် သယ်ဆောင်သူ
573,en,my,,,virus infection,ဗိုင်းရပ်စ် ကူးစက်မှု
575,en,my,,,virus mask,ဗိုင်းရပ်စ် မျက်နှာဖုံး
576,en,my,,,virus outbreak,ဗိုင်းရပ်စ် ဖြစ်ပွားမှု
577,en,my,,,virus prevention,ဗိုင်းရပ်စ် တားဆီးခြင်း
578,en,my,,,virus protection,ဗိုင်းရပ်စ် ကာကွယ်ခြင်း
580,en,my,,,virus spread,ဗိုင်းရပ်စ် ပျံ့နှံ့မှု
582,en,my,,,virus spreads,ဗိုင်းရပ်စ် ပျံ့နှံ့မှုများ
583,en,my,,,virus strain,ဗိုင်းရပ်စ် စွန်းထင်းခြင်း
584,en,my,,,virus transmission,တစ်ဆင့်ခံ ဗိုင်းရပ်စ် ကူးစက်မှု
586,en,my,,,wash your hands,သင့်လက်များကို ဆေးကြောပါ
587,en,my,,,washing hands,လက်ဆေးခြင်း
589,en,my,,,WHO,ကမ္ဘာ့ကျန်းမာရေးအဖွဲ့
590,en,my,,,WHO Confirmed,ကမ္ဘာ့ကျန်းမာရေးအဖွဲ့မှ အတည်ပြုထားသည်
591,en,my,,,WHO Deaths,ကမ္ဘာ့ကျန်းမာရေးအဖွဲ့မှ အတည်ပြုပြီး သေဆုံးမှုများ
592,en,my,,,widespread outbreak,ကျယ်ကျယ်ပြန့်ပြန့် ကူးစက်ပျံ့နှံ့ ဖြစ်ပွားမှု
597,en,my,,,World Health Organization,ကမ္ဘာ့ကျန်းမာရေးအဖွဲ့
600,en,my,,,zoonotic disease,တိရိစ္ဆာန်မှတစ်ဆင့် ကူးစက်သော ရောဂါ
601,en,my,,,zoonotic virus,တိရိစ္ဆာန်မှတစ်ဆင့် ကူးစက်သော ဗိုင်းရပ်စ်